Customer ID,Bill Number,Menu Items,Quantity,Unit Price,Total Price,Tokens,Bill Date,Bill Time
3704,27695,Hash Brown,1,383,383,7,1/11/2024,18:09:03
3704,27695,Cheesy Veg Nuggets (9pc),3,417,1251,25,1/11/2024,18:09:03
6116,39779,Hot Chocolate (R),1,128,128,2,2/16/2024,8:24:13
6116,39779,Flat White (L),3,340,1020,20,2/16/2024,8:24:13
1552,41294,Mc Egg Burger for Happy Meal,3,433,1299,25,3/3/2024,14:57:23
1552,41294,American Triple Cheese Chicken,3,366,1098,21,3/3/2024,14:57:23
1552,41294,Double Chocochips Muffin,1,120,120,2,3/3/2024,14:57:23
9710,63611,Americano (L),1,335,335,6,4/29/2024,17:02:04
9710,63611,McVeggie?? Burger,2,140,280,5,4/29/2024,17:02:04
9710,63611,Mixed Fruit Beverage,1,402,402,8,4/29/2024,17:02:04
6550,38281,McAloo Tikki Burger??,2,160,320,6,5/25/2024,8:15:10
6550,38281,Regular Wedges,1,176,176,3,5/25/2024,8:15:10
6550,38281,5 piece Chicken Strips,1,113,113,2,5/25/2024,8:15:10
2444,96321,Mustard diping sauce,1,446,446,8,6/2/2024,8:29:25
2444,96321,Espresso Machiato,3,334,1002,20,6/2/2024,8:29:25
2444,96321,English Breakfast (S),3,332,996,19,6/2/2024,8:29:25
3969,53430,Ghee Rice with Mc Spicy Fried Chicken 1 pc,2,381,762,15,7/24/2024,13:46:09
3969,53430,American Mud Pie Shake,1,488,488,9,7/24/2024,13:46:09
2570,21446,3 piece Chicken Strips,1,187,187,3,8/2/2024,12:35:36
2570,21446,Latte (R),1,343,343,6,8/2/2024,12:35:36
2570,21446,Soft serve cone,1,125,125,2,8/2/2024,12:35:36
2570,21446,McVeggie?? Burger,1,140,140,2,8/2/2024,12:35:36
9249,49227,Regular Wedges,1,176,176,3,2/1/2024,10:26:38
9249,49227,Piri piri Mc Spicy Veg Burger,2,196,392,7,2/1/2024,10:26:38
3696,64680,Soft serve cone,2,125,250,5,10/5/2024,17:13:40
3696,64680,Medium Sprite,2,214,428,8,10/5/2024,17:13:40
3696,64680,Mc Egg Burger for Happy Meal,2,433,866,17,10/5/2024,17:13:40
7605,20599,Hot Chocolate (S),3,201,603,12,11/2/2024,20:43:45
7605,20599,Sweet Lime Beverage,2,362,724,14,11/2/2024,20:43:45
7605,20599,Double Dark Hot Chocolate,1,149,149,2,11/2/2024,20:43:45
7605,20599,Mocha (R),3,323,969,19,11/2/2024,20:43:45
7605,20599,McSpicy Fried Chicken 1 pc,2,422,844,16,11/2/2024,20:43:45
9847,30428,Babycino,2,381,762,15,12/20/2024,18:13:06
9847,30428,Moroccon Mint Green Tea (R),2,346,692,13,12/20/2024,18:13:06
9847,30428,Mc Egg Masala Burger,3,291,873,17,12/20/2024,18:13:06
9847,30428,Cheese Slice,2,422,844,16,12/20/2024,18:13:06
6369,42472,Flat White (S),3,360,1080,21,2/4/2024,9:08:05
6369,42472,Strawberry Green Tea (S),3,477,1431,28,2/4/2024,9:08:05
6369,42472,Regular Soft Serve: Hot Fudge,1,210,210,4,2/4/2024,9:08:05
6369,42472,American Chicken Burger,2,377,754,15,2/4/2024,9:08:05
6000,79783,Tomato Ketchup Sachets,2,383,766,15,3/13/2024,19:23:33
6000,79783,American Triple Cheese Veg,1,207,207,4,3/13/2024,19:23:33
7816,79134,Regular Blackforest,1,253,253,5,8/29/2024,14:34:29
7816,79134,Large Thums-up,1,314,314,6,8/29/2024,14:34:29
9731,96472,Mixed Berry Smoothie,3,287,861,17,3/9/2024,8:34:52
9731,96472,Hot Chocolate (R),2,128,256,5,3/9/2024,8:34:52
9731,96472,Spicy Chicken Wrap,1,268,268,5,3/9/2024,8:34:52
5216,16028,Americano (R),1,384,384,7,11/20/2024,17:31:06
5216,16028,Americano (S),1,377,377,7,11/20/2024,17:31:06
5216,16028,Veg Maharaja Mac,1,245,245,4,11/20/2024,17:31:06
5216,16028,American Triple Cheese Chicken,1,366,366,7,11/20/2024,17:31:06
5216,16028,Espresso Machiato,2,334,668,13,11/20/2024,17:31:06
6287,46942,Cappuccino (S),3,480,1440,28,8/31/2024,20:17:05
6287,46942,Chilli Sauce,1,186,186,3,8/31/2024,20:17:05
6287,46942,Large Wedges,2,160,320,6,8/31/2024,20:17:05
1020,23983,Espresso,2,232,464,9,3/10/2024,16:38:52
1020,23983,Chicken Kebab Burger,3,287,861,17,3/10/2024,16:38:52
8032,65949,American Triple Cheese Veg,1,207,207,4,3/10/2024,12:54:36
8032,65949,Large Thums-up,3,314,942,18,3/10/2024,12:54:36
5957,98102,Medium Thums-up,1,366,366,7,11/20/2024,19:55:25
5957,98102,Flat White (S),3,360,1080,21,11/20/2024,19:55:25
5957,98102,Large Sprite,1,394,394,7,11/20/2024,19:55:25
2245,69833,Regular Soft Serve: Strawberry,3,499,1497,29,2/8/2024,8:45:38
2245,69833,Espresso,1,232,232,4,2/8/2024,8:45:38
2245,69833,Vedica Natural Mineral Water,2,181,362,7,2/8/2024,8:45:38
2245,69833,Mocha (L),2,206,412,8,2/8/2024,8:45:38
2666,70634,Mixed Berry Smoothie,1,287,287,5,5/18/2024,10:26:12
2666,70634,Strawberry Ice Tea,3,366,1098,21,5/18/2024,10:26:12
2666,70634,Chicken Maharaja Mac,1,248,248,4,5/18/2024,10:26:12
2666,70634,Green Chilli Kebab naan,1,226,226,4,5/18/2024,10:26:12
5898,62768,Strawberry Green Tea (L),3,339,1017,20,12/24/2024,13:05:03
5898,62768,Small Coca-Cola,3,372,1116,22,12/24/2024,13:05:03
5898,62768,Large Sprite,2,394,788,15,12/24/2024,13:05:03
5898,62768,McVeggie?? Burger,2,140,280,5,12/24/2024,13:05:03
7694,26078,Espresso,1,232,232,4,4/14/2024,16:29:31
7694,26078,Large Fanta Oragne,3,235,705,14,4/14/2024,16:29:31
7694,26078,Mix Berry Cooler,1,332,332,6,4/14/2024,16:29:31
7694,26078,Lemon Ice Tea,2,222,444,8,4/14/2024,16:29:31
8673,87855,9 piece Chicken McNuggets,1,100,100,2,9/22/2024,14:15:40
8673,87855,Chocolate Shake,2,212,424,8,9/22/2024,14:15:40
8673,87855,Green Chilli Aloo Naan,3,245,735,14,9/22/2024,14:15:40
8673,87855,Regular Soft Serve: Brownie with Hot Fudge,1,261,261,5,9/22/2024,14:15:40
4528,49364,FILLET-O-FISH Burger,2,662,1324,26,11/19/2024,8:39:33
4528,49364,Medium Soft Serve: Hot Fudge,2,378,756,15,11/19/2024,8:39:33
4528,49364,Double Dark Hot Chocolate,3,149,447,8,11/19/2024,8:39:33
2162,29882,Sausage Mc Muffin with egg,3,427,1281,25,2/8/2024,17:07:05
2162,29882,English Breakfast (S),3,332,996,19,2/8/2024,17:07:05
2162,29882,Medium Fries,3,230,690,13,2/8/2024,17:07:05
2162,29882,Cappuccino (S),3,480,1440,28,2/8/2024,17:07:05
4934,24530,Large Fanta Oragne,2,235,470,9,3/12/2024,9:00:15
4934,24530,Chicken Cheese Lava Burger,3,481,1443,28,3/12/2024,9:00:15
1022,52052,Soft serve cone,2,125,250,5,4/21/2024,20:07:51
1022,52052,Medium Soft Serve: Strawberry,3,262,786,15,4/21/2024,20:07:51
1022,52052,Flat White (R),1,116,116,2,4/21/2024,20:07:51
1022,52052,Flat White (S),2,360,720,14,4/21/2024,20:07:51
8157,62564,Iced Americano,3,206,618,12,8/27/2024,13:03:41
8157,62564,Double Chocochips Muffin,1,120,120,2,8/27/2024,13:03:41
8157,62564,McSpicy Fried Chicken 1 pc,2,422,844,16,8/27/2024,13:03:41
8157,62564,Americano (S),2,377,754,15,8/27/2024,13:03:41
5129,79230,Mocha (L),2,206,412,8,8/28/2024,12:58:57
5129,79230,Mocha (S),2,102,204,4,8/28/2024,12:58:57
5855,21340,Moroccon Mint Green Tea (L),1,160,160,3,8/27/2024,9:58:03
5855,21340,Mixed Berry Smoothie,2,287,574,11,8/27/2024,9:58:03
6348,95208,2 piece Chicken Strips,2,464,928,18,12/23/2024,11:34:22
6348,95208,Regular McFlurry - Oreo,1,172,172,3,12/23/2024,11:34:22
6348,95208,Regular Soft Serve: Brownie with Hot Fudge,2,261,522,10,12/23/2024,11:34:22
1841,67924,Regular Soft Serve: Strawberry,3,499,1497,29,4/16/2024,17:33:03
1841,67924,Strawberry Shake,2,232,464,9,4/16/2024,17:33:03
1841,67924,Chicken Kebab Burger,2,287,574,11,4/16/2024,17:33:03
1841,67924,Flat White (S),2,360,720,14,4/16/2024,17:33:03
1841,67924,Maple Syrup,3,121,363,7,4/16/2024,17:33:03
2577,35454,Chunky Chipotle American Burger Chicken,3,242,726,14,7/5/2024,17:12:20
2577,35454,Spicy Chicken Wrap,3,268,804,16,7/5/2024,17:12:20
2577,35454,3 piece Chicken Strips,2,187,374,7,7/5/2024,17:12:20
7912,12630,Mc Egg Masala Burger,1,291,291,5,3/13/2024,15:05:00
7912,12630,English Breakfast (L),2,371,742,14,3/13/2024,15:05:00
7912,12630,Cappuccino (S),1,480,480,9,3/13/2024,15:05:00
7912,12630,Mocha (S),1,102,102,2,3/13/2024,15:05:00
1182,34094,Sausage Mc Muffin,3,170,510,10,5/17/2024,15:08:25
1182,34094,Medium Fries,2,230,460,9,5/17/2024,15:08:25
4189,98358,Ghee Rice with Mc Spicy Fried Chicken 1 pc,1,381,381,7,8/31/2024,20:24:44
4189,98358,Double Chocochips Muffin,2,120,240,4,8/31/2024,20:24:44
9481,13788,Tomato Ketchup Sachets,1,383,383,7,11/20/2024,14:38:27
9481,13788,American Triple Cheese Veg,3,207,621,12,11/20/2024,14:38:27
9481,13788,Double Dark Hot Chocolate,2,149,298,5,11/20/2024,14:38:27
5565,21792,Strawberry Green Tea (L),1,339,339,6,5/15/2024,9:51:45
5565,21792,Medium Blackforest,2,264,528,10,5/15/2024,9:51:45
5565,21792,Flat White (R),1,116,116,2,5/15/2024,9:51:45
5565,21792,Raw Mango Cooler,1,381,381,7,5/15/2024,9:51:45
4174,95742,Regular Fries,2,372,744,14,8/29/2024,18:26:49
4174,95742,Coke Float,1,213,213,4,8/29/2024,18:26:49
4174,95742,Cold Coffee Frappe,2,406,812,16,8/29/2024,18:26:49
4174,95742,Mustard diping sauce,3,446,1338,26,8/29/2024,18:26:49
9170,56744,English Breakfast (R),1,252,252,5,3/11/2024,15:40:09
9170,56744,Large Fries,3,192,576,11,3/11/2024,15:40:09
9170,56744,3 piece Chicken Strips,3,187,561,11,3/11/2024,15:40:09
9170,56744,Flat White (L),3,340,1020,20,3/11/2024,15:40:09
9170,56744,Hot Chocolate (L),2,351,702,14,3/11/2024,15:40:09
7171,44810,Iced Americano,1,206,206,4,8/31/2024,9:49:17
7171,44810,Sausage Mc Muffin with egg,2,427,854,17,8/31/2024,9:49:17
7171,44810,Americano (R),1,384,384,7,8/31/2024,9:49:17
7171,44810,Americano (L),1,335,335,6,8/31/2024,9:49:17
7171,44810,Medium Fanta Orange,3,213,639,12,8/31/2024,9:49:17
7825,62765,Espresso Machiato,3,334,1002,20,8/30/2024,21:14:07
7825,62765,Large Sprite,1,394,394,7,8/30/2024,21:14:07
5668,45113,BBQ diping sauce,1,431,431,8,12/23/2024,12:15:26
5668,45113,Coke Float,3,213,639,12,12/23/2024,12:15:26
9291,85366,Double Dark Hot Chocolate,1,149,149,2,12/24/2024,17:19:26
9291,85366,Chicken Kebab Burger,1,287,287,5,12/24/2024,17:19:26
9291,85366,Mixed Fruit Beverage,2,402,804,16,12/24/2024,17:19:26
9291,85366,L1 Coffee,3,298,894,17,12/24/2024,17:19:26
9291,85366,Sweet Corn,3,322,966,19,12/24/2024,17:19:26
6817,92586,Espresso Machiato,3,334,1002,20,3/13/2024,14:24:07
6817,92586,Small McFlurry - Oreo,3,439,1317,26,3/13/2024,14:24:07
6817,92586,Espresso,1,232,232,4,3/13/2024,14:24:07
6817,92586,Hot Chocolate (S),3,201,603,12,3/13/2024,14:24:07
1462,23508,Americano (L),2,335,670,13,9/22/2024,8:30:30
1462,23508,American Triple Cheese Veg,3,207,621,12,9/22/2024,8:30:30
5456,44950,Green Apple Ice Tea,2,266,532,10,9/26/2024,14:25:29
5456,44950,4 piece Chicken McNuggets,2,105,210,4,9/26/2024,14:25:29
5456,44950,Green Chilli Kebab naan,2,226,452,9,9/26/2024,14:25:29
5456,44950,Large Sprite,2,394,788,15,9/26/2024,14:25:29
6830,29611,McSpicy Premium Veg Burger,2,330,660,13,3/10/2024,14:13:25
6830,29611,Medium Thums-up,3,366,1098,21,3/10/2024,14:13:25
6830,29611,American Mud Pie Shake,1,488,488,9,3/10/2024,14:13:25
6830,29611,Mocha Frappe,2,396,792,15,3/10/2024,14:13:25
6830,29611,Small Sprite,3,100,300,6,3/10/2024,14:13:25
4564,51848,Mocha (S),1,102,102,2,9/26/2024,17:55:04
4564,51848,Large Fries,1,192,192,3,9/26/2024,17:55:04
1391,35368,4 piece Chicken McNuggets,3,105,315,6,8/27/2024,8:08:12
1391,35368,Small Fanta Oragne,1,369,369,7,8/27/2024,8:08:12
1391,35368,Piri piri Mc Spicy Veg Burger,3,196,588,11,8/27/2024,8:08:12
1391,35368,Regular Soft Serve: Hot Fudge,2,210,420,8,8/27/2024,8:08:12
1391,35368,Egg McMuffin,2,487,974,19,8/27/2024,8:08:12
6202,66607,Strawberry Shake,2,232,464,9,9/22/2024,17:01:07
6202,66607,Mocha (L),1,206,206,4,9/22/2024,17:01:07
3153,17480,Medium Coca-Cola,3,257,771,15,8/31/2024,20:17:00
3153,17480,Iced Coffee,3,313,939,18,8/31/2024,20:17:00
3153,17480,2 piece Chicken Strips,3,464,1392,27,8/31/2024,20:17:00
1723,80753,McSpicy Premium Chicken Burger,3,351,1053,21,2/2/2024,18:28:20
1723,80753,Chicken Kebab Burger,1,287,287,5,2/2/2024,18:28:20
8752,48958,Moroccon Mint Green Tea (L),2,160,320,6,3/12/2024,9:28:33
8752,48958,Babycino,2,381,762,15,3/12/2024,9:28:33
2588,90873,Small McFlurry - Oreo,2,439,878,17,3/9/2024,12:08:05
2588,90873,Medium Blackforest,3,264,792,15,3/9/2024,12:08:05
4986,25850,Americano (R),2,384,768,15,2/4/2024,21:37:54
4986,25850,Regular Soft Serve: Hot Fudge,2,210,420,8,2/4/2024,21:37:54
4986,25850,Medium Sprite,2,214,428,8,2/4/2024,21:37:54
8423,39678,Flat White (L),3,340,1020,20,3/9/2024,12:43:53
8423,39678,Americano (R),3,384,1152,23,3/9/2024,12:43:53
8423,39678,Sprite Float,1,365,365,7,3/9/2024,12:43:53
8423,39678,McSpicy Fried Chicken 1 pc,1,422,422,8,3/9/2024,12:43:53
4225,72799,Large Fanta Oragne,2,235,470,9,12/24/2024,15:57:53
4225,72799,American Chicken Burger,2,377,754,15,12/24/2024,15:57:53
4225,72799,Cappuccino (L),2,479,958,19,12/24/2024,15:57:53
4225,72799,Americano (R),1,384,384,7,12/24/2024,15:57:53
9246,48072,Hot Chocolate (R),3,128,384,7,2/3/2024,21:09:50
9246,48072,Latte (R),3,343,1029,20,2/3/2024,21:09:50
3220,35080,Strawberry Shake,2,232,464,9,4/16/2024,16:10:36
3220,35080,Mc Spicy Chicken Burger,3,423,1269,25,4/16/2024,16:10:36
3220,35080,Chicken Kebab Burger,3,287,861,17,4/16/2024,16:10:36
3220,35080,Strawberry Green Tea (S),2,477,954,19,4/16/2024,16:10:36
3220,35080,Moroccon Mint Green Tea (S),1,258,258,5,4/16/2024,16:10:36
8263,97783,L1 Coffee with milk,2,355,710,14,12/23/2024,17:15:47
8263,97783,Large Fries,1,192,192,3,12/23/2024,17:15:47
8263,97783,Strawberry Green Tea (S),3,477,1431,28,12/23/2024,17:15:47
8263,97783,Chocolate Shake,2,212,424,8,12/23/2024,17:15:47
9802,56164,American Mud Pie Shake,3,488,1464,29,4/21/2024,10:11:32
9802,56164,Hot Chocolate (L),2,351,702,14,4/21/2024,10:11:32
4432,12744,Spicy Paneer Wrap,1,120,120,2,2/3/2024,19:41:58
4432,12744,Americano (L),3,335,1005,20,2/3/2024,19:41:58
4432,12744,American Triple Cheese Chicken,1,366,366,7,2/3/2024,19:41:58
4432,12744,Fanta Float,2,253,506,10,2/3/2024,19:41:58
4619,81336,Ghee Rice with Mc Spicy Fried Chicken 1 pc,2,381,762,15,12/23/2024,14:29:18
4619,81336,Strawberry Green Tea (L),1,339,339,6,12/23/2024,14:29:18
4619,81336,3 piece Chicken Strips,1,187,187,3,12/23/2024,14:29:18
4619,81336,Green Chilli Kebab naan,2,226,452,9,12/23/2024,14:29:18
6024,76392,Hash Brown,2,383,766,15,4/21/2024,16:35:29
6024,76392,Small Thums-up,3,417,1251,25,4/21/2024,16:35:29
6024,76392,Cheesy Veg Nuggets (9pc),3,417,1251,25,4/21/2024,16:35:29
6024,76392,L1 Coffee,2,298,596,11,4/21/2024,16:35:29
6024,76392,Flat White (S),3,360,1080,21,4/21/2024,16:35:29
7083,94686,Double Chocochips Muffin,2,120,240,4,3/13/2024,19:22:10
7083,94686,Piri Piri Mix,1,361,361,7,3/13/2024,19:22:10
7083,94686,Sweet Corn,2,322,644,12,3/13/2024,19:22:10
7083,94686,McSwirl ChocoDip,1,239,239,4,3/13/2024,19:22:10
7083,94686,Strawberry Green Tea (S),1,477,477,9,3/13/2024,19:22:10
9586,57298,Fanta Float,2,253,506,10,12/23/2024,17:55:25
9586,57298,Double Cheese McMuffin,2,492,984,19,12/23/2024,17:55:25
3855,91788,Maple Syrup,1,121,121,2,1/6/2024,13:59:08
3855,91788,Green Chilli Kebab naan,1,226,226,4,1/6/2024,13:59:08
3855,91788,Regular Blackforest,3,253,759,15,1/6/2024,13:59:08
3855,91788,Medium Fries,1,230,230,4,1/6/2024,13:59:08
3855,91788,4 piece Chicken McNuggets,3,105,315,6,1/6/2024,13:59:08
5430,10532,Small Coca-Cola,1,372,372,7,2/4/2024,12:29:37
5430,10532,Babycino,2,381,762,15,2/4/2024,12:29:37
5430,10532,Tomato Ketchup Sachets,3,383,1149,22,2/4/2024,12:29:37
5430,10532,Veg McMuffin,2,448,896,17,2/4/2024,12:29:37
5430,10532,English Breakfast (L),2,371,742,14,2/4/2024,12:29:37
8266,37365,Small Thums-up,2,417,834,16,3/13/2024,18:48:32
8266,37365,Large Fanta Oragne,1,235,235,4,3/13/2024,18:48:32
9338,76098,Strawberry Green Tea (L),2,339,678,13,2/4/2024,8:31:25
9338,76098,Sweet Lime Beverage,3,362,1086,21,2/4/2024,8:31:25
6983,16999,Medium Blackforest,3,264,792,15,2/2/2024,18:57:55
6983,16999,McSpicy Fried Chicken 1 pc,2,422,844,16,2/2/2024,18:57:55
8015,43645,Medium Fanta Orange,1,213,213,4,8/30/2024,14:04:25
8015,43645,Medium Coca-Cola,3,257,771,15,8/30/2024,14:04:25
1504,47536,Medium Coca-Cola,2,257,514,10,7/5/2024,18:50:58
1504,47536,McSpicy Fried Chicken 1 pc,3,422,1266,25,7/5/2024,18:50:58
1504,47536,Strawberry Green Tea (S),2,477,954,19,7/5/2024,18:50:58
1504,47536,5 piece Chicken Strips,2,113,226,4,7/5/2024,18:50:58
1504,47536,English Breakfast (L),1,371,371,7,7/5/2024,18:50:58
7409,81707,Mocha (S),2,102,204,4,12/24/2024,9:06:55
7409,81707,Sausage Mc Muffin with egg,1,427,427,8,12/24/2024,9:06:55
7409,81707,Mocha Frappe,3,396,1188,23,12/24/2024,9:06:55
7409,81707,American Veg Burger,2,134,268,5,12/24/2024,9:06:55
1313,24650,Chicken Maharaja Mac,3,248,744,14,8/29/2024,16:47:31
1313,24650,4 piece Chicken McNuggets,2,105,210,4,8/29/2024,16:47:31
1313,24650,Hot Chocolate (S),3,201,603,12,8/29/2024,16:47:31
1313,24650,Hot Chocolate (R),1,128,128,2,8/29/2024,16:47:31
1313,24650,Spicy Egg McMuffin,2,355,710,14,8/29/2024,16:47:31
1555,97555,Mc Spicy Chicken Burger,2,423,846,16,9/25/2024,17:36:06
1555,97555,Moroccon Mint Green Tea (S),3,258,774,15,9/25/2024,17:36:06
1555,97555,Small Coca-Cola,2,372,744,14,9/25/2024,17:36:06
1555,97555,Hot Cake with maple syrup,1,103,103,2,9/25/2024,17:36:06
5438,83421,Piri piri Mc Spicy Chicken Burger,1,431,431,8,3/13/2024,10:28:49
5438,83421,Piri piri Mc Spicy Veg Burger,2,196,392,7,3/13/2024,10:28:49
5438,83421,Chilli Sauce,1,186,186,3,3/13/2024,10:28:49
5438,83421,Double Cheese McMuffin,2,492,984,19,3/13/2024,10:28:49
5438,83421,Vedica Natural Mineral Water,3,181,543,10,3/13/2024,10:28:49
4070,42900,Fanta Float,1,253,253,5,8/29/2024,19:13:12
4070,42900,Flat White (R),1,116,116,2,8/29/2024,19:13:12
4013,45832,Hot Chocolate (L),1,351,351,7,1/6/2024,8:44:49
4013,45832,Vanilla Chocochips Muffin,2,475,950,19,1/6/2024,8:44:49
8738,33882,Vedica Natural Mineral Water,3,181,543,10,9/22/2024,8:27:36
8738,33882,Cheese Slice,3,422,1266,25,9/22/2024,8:27:36
8738,33882,Small Coca-Cola,3,372,1116,22,9/22/2024,8:27:36
8738,33882,Large Sprite,3,394,1182,23,9/22/2024,8:27:36
8738,33882,Medium Soft Serve: Brownie with Hot Fudge,1,492,492,9,9/22/2024,8:27:36
5561,95616,Piri Piri Mix,3,361,1083,21,7/5/2024,21:08:36
5561,95616,Piri piri Mc Spicy Chicken Burger,2,431,862,17,7/5/2024,21:08:36
5561,95616,Vedica Natural Mineral Water,3,181,543,10,7/5/2024,21:08:36
9785,34622,BBQ diping sauce,1,431,431,8,8/29/2024,9:41:06
9785,34622,Piri piri Mc Spicy Veg Burger,2,196,392,7,8/29/2024,9:41:06
7548,61873,Mc Spicy Chicken Burger,2,423,846,16,2/8/2024,20:39:20
7548,61873,Cheesy Veg Nuggets (9pc),2,417,834,16,2/8/2024,20:39:20
7548,61873,Babycino,1,381,381,7,2/8/2024,20:39:20
7548,61873,2 piece Chicken Strips,1,464,464,9,2/8/2024,20:39:20
4567,16988,Sausage Mc Muffin with egg,2,427,854,17,5/17/2024,12:09:07
4567,16988,Mixed Berry Smoothie,2,287,574,11,5/17/2024,12:09:07
2404,40357,Hot Chocolate (L),3,351,1053,21,1/6/2024,15:47:35
2404,40357,Sweet Corn,3,322,966,19,1/6/2024,15:47:35
2404,40357,McVeggie?? Burger,3,140,420,8,1/6/2024,15:47:35
2404,40357,Spicy Paneer Wrap,2,120,240,4,1/6/2024,15:47:35
2404,40357,Espresso Machiato,1,334,334,6,1/6/2024,15:47:35
2242,90110,Regular Soft Serve: Strawberry,3,499,1497,29,8/30/2024,10:17:43
2242,90110,Fanta Float,1,253,253,5,8/30/2024,10:17:43
2242,90110,Strawberry Shake,3,232,696,13,8/30/2024,10:17:43
2242,90110,Small Thums-up,1,417,417,8,8/30/2024,10:17:43
2242,90110,Regular Soft Serve: Hot Fudge,3,210,630,12,8/30/2024,10:17:43
5464,49362,Veg McMuffin,3,448,1344,26,12/23/2024,16:31:29
5464,49362,Regular Blackforest,2,253,506,10,12/23/2024,16:31:29
5464,49362,Chocolate Oreo Frappe,1,309,309,6,12/23/2024,16:31:29
5464,49362,Strawberry Shake,1,232,232,4,12/23/2024,16:31:29
4981,39617,Flat White (L),3,340,1020,20,3/10/2024,19:36:52
4981,39617,American Triple Cheese Chicken,2,366,732,14,3/10/2024,19:36:52
4981,39617,Chunky Chipotle American Burger Chicken,2,242,484,9,3/10/2024,19:36:52
4981,39617,McSpicy?? Paneer Burger,1,175,175,3,3/10/2024,19:36:52
4981,39617,Chicken Cheese Lava Burger,2,481,962,19,3/10/2024,19:36:52
5397,63782,5 piece Chicken Strips,2,113,226,4,12/23/2024,14:56:33
5397,63782,Mixed Berry Smoothie,1,287,287,5,12/23/2024,14:56:33
5397,63782,Chilli Sauce,2,186,372,7,12/23/2024,14:56:33
5397,63782,Regular Fries,3,372,1116,22,12/23/2024,14:56:33
5397,63782,Chunky Chipotle American Burger Chicken,3,242,726,14,12/23/2024,14:56:33
2654,64586,Sweet Lime Beverage,1,362,362,7,4/14/2024,19:18:02
2654,64586,Medium Fries,2,230,460,9,4/14/2024,19:18:02
2654,64586,Fanta Float,2,253,506,10,4/14/2024,19:18:02
2654,64586,Moroccon Mint Green Tea (S),3,258,774,15,4/14/2024,19:18:02
2654,64586,BBQ diping sauce,3,431,1293,25,4/14/2024,19:18:02
9664,21890,American Triple Cheese Chicken,3,366,1098,21,2/2/2024,15:01:11
9664,21890,Large Fanta Oragne,1,235,235,4,2/2/2024,15:01:11
9664,21890,Medium Blackforest,3,264,792,15,2/2/2024,15:01:11
9664,21890,Hot Chocolate (R),2,128,256,5,2/2/2024,15:01:11
7120,21155,Sweet Corn,2,322,644,12,11/20/2024,18:49:04
7120,21155,Egg McMuffin,1,487,487,9,11/20/2024,18:49:04
8157,67652,Medium Fries,3,230,690,13,7/5/2024,17:21:12
8157,67652,Medium Soft Serve: Brownie with Hot Fudge,1,492,492,9,7/5/2024,17:21:12
8157,67652,Babycino,3,381,1143,22,7/5/2024,17:21:12
8873,68958,Chilli Sauce,2,186,372,7,1/6/2024,12:20:13
8873,68958,Mixed Berry Smoothie,2,287,574,11,1/6/2024,12:20:13
8873,68958,McVeggie?? Burger,2,140,280,5,1/6/2024,12:20:13
6656,99371,Hot Chocolate (L),1,351,351,7,5/15/2024,11:21:47
6656,99371,Large Fanta Oragne,2,235,470,9,5/15/2024,11:21:47
6656,99371,Lemon Ice Tea,1,222,222,4,5/15/2024,11:21:47
6656,99371,Vedica Natural Mineral Water,3,181,543,10,5/15/2024,11:21:47
6656,99371,Piri piri Mc Spicy Veg Burger,2,196,392,7,5/15/2024,11:21:47
2390,99825,Small Thums-up,3,417,1251,25,8/30/2024,15:36:03
2390,99825,Moroccon Mint Green Tea (L),2,160,320,6,8/30/2024,15:36:03
2390,99825,Chicken Cheese Lava Burger,2,481,962,19,8/30/2024,15:36:03
2390,99825,Veg McMuffin,2,448,896,17,8/30/2024,15:36:03
2390,99825,Espresso,2,232,464,9,8/30/2024,15:36:03
2497,54771,Small McFlurry - Oreo,2,439,878,17,9/26/2024,8:12:51
2497,54771,Piri piri Mc Spicy Chicken Burger,2,431,862,17,9/26/2024,8:12:51
3025,64979,Lemon Ice Tea,2,222,444,8,9/25/2024,11:51:55
3025,64979,Sweet Lime Beverage,3,362,1086,21,9/25/2024,11:51:55
3025,64979,Mocha Frappe,3,396,1188,23,9/25/2024,11:51:55
3025,64979,Latte (R),1,343,343,6,9/25/2024,11:51:55
3025,64979,Medium Blackforest,1,264,264,5,9/25/2024,11:51:55
4738,38928,Strawberry Green Tea (S),3,477,1431,28,5/18/2024,14:16:44
4738,38928,Mocha (S),1,102,102,2,5/18/2024,14:16:44
4738,38928,Maple Syrup,2,121,242,4,5/18/2024,14:16:44
4738,38928,Premium Dark Hot Chocolate,3,417,1251,25,5/18/2024,14:16:44
4738,38928,McSwirl ChocoDip,2,239,478,9,5/18/2024,14:16:44
8248,36414,Mustard diping sauce,1,446,446,8,8/28/2024,14:38:17
8248,36414,Chocolate Shake,3,212,636,12,8/28/2024,14:38:17
8248,36414,Sweet Corn,3,322,966,19,8/28/2024,14:38:17
4142,84219,Piri piri Mc Spicy Chicken Burger,3,431,1293,25,7/5/2024,16:10:20
4142,84219,Cappuccino (S),3,480,1440,28,7/5/2024,16:10:20
4142,84219,Mc Egg Masala Burger,3,291,873,17,7/5/2024,16:10:20
4142,84219,Moroccon Mint Green Tea (R),1,346,346,6,7/5/2024,16:10:20
4142,84219,Large Coca-Cola,3,308,924,18,7/5/2024,16:10:20
7971,90666,Fanta Float,2,253,506,10,2/1/2024,21:26:09
7971,90666,Premium Dark Hot Chocolate,2,417,834,16,2/1/2024,21:26:09
7971,90666,Chicken Maharaja Mac,2,248,496,9,2/1/2024,21:26:09
7971,90666,Sprite Float,1,365,365,7,2/1/2024,21:26:09
7971,90666,Moroccon Mint Green Tea (L),3,160,480,9,2/1/2024,21:26:09
8294,77305,Regular Wedges,3,176,528,10,9/22/2024,21:55:18
8294,77305,5 piece Chicken Strips,1,113,113,2,9/22/2024,21:55:18
8294,77305,Latte (S),2,324,648,12,9/22/2024,21:55:18
6083,95537,Chocolate Oreo Frappe,3,309,927,18,8/29/2024,10:12:38
6083,95537,Medium Fanta Orange,3,213,639,12,8/29/2024,10:12:38
6083,95537,Soft serve cone,2,125,250,5,8/29/2024,10:12:38
3725,56909,Mango Smoothie,2,233,466,9,4/16/2024,21:34:14
3725,56909,Fanta Float,3,253,759,15,4/16/2024,21:34:14
5315,56534,American Veg Burger,2,134,268,5,2/2/2024,13:34:27
5315,56534,Hot Cake with maple syrup,1,103,103,2,2/2/2024,13:34:27
5315,56534,Large Thums-up,3,314,942,18,2/2/2024,13:34:27
9877,23818,McSpicy?? Paneer Burger,1,175,175,3,4/14/2024,8:15:29
9877,23818,Medium Blackforest,3,264,792,15,4/14/2024,8:15:29
9877,23818,L1 Coffee with milk,1,355,355,7,4/14/2024,8:15:29
9877,23818,Espresso,2,232,464,9,4/14/2024,8:15:29
9877,23818,Cheese Lava Burger,1,397,397,7,4/14/2024,8:15:29
9167,95457,Moroccon Mint Green Tea (S),1,258,258,5,2/4/2024,15:39:46
9167,95457,English Breakfast (L),2,371,742,14,2/4/2024,15:39:46
9167,95457,Piri piri Mc Spicy Veg Burger,2,196,392,7,2/4/2024,15:39:46
9167,95457,Maple Syrup,3,121,363,7,2/4/2024,15:39:46
9167,95457,McSpicy Premium Chicken Burger,2,351,702,14,2/4/2024,15:39:46
9178,80980,Cappuccino (R),3,383,1149,22,2/2/2024,9:50:37
9178,80980,Sweet Lime Beverage,2,362,724,14,2/2/2024,9:50:37
9178,80980,Large Fanta Oragne,3,235,705,14,2/2/2024,9:50:37
3992,37703,Latte (R),3,343,1029,20,8/28/2024,15:47:51
3992,37703,American Triple Cheese Veg,2,207,414,8,8/28/2024,15:47:51
3992,37703,4 piece Chicken McNuggets,1,105,105,2,8/28/2024,15:47:51
3992,37703,Spicy Egg McMuffin,1,355,355,7,8/28/2024,15:47:51
5627,99568,Lemon Ice Tea,3,222,666,13,4/16/2024,13:58:44
5627,99568,Medium Soft Serve: Strawberry,2,262,524,10,4/16/2024,13:58:44
3968,95783,Flat White (L),1,340,340,6,9/25/2024,13:03:09
3968,95783,McVeggie?? Burger,3,140,420,8,9/25/2024,13:03:09
3968,95783,Americano (L),1,335,335,6,9/25/2024,13:03:09
3968,95783,Pizza Puff,2,345,690,13,9/25/2024,13:03:09
5402,38883,4 piece Chicken McNuggets,2,105,210,4,3/12/2024,11:38:12
5402,38883,Strawberry Green Tea (L),2,339,678,13,3/12/2024,11:38:12
5402,38883,Sausage Mc Muffin with egg,3,427,1281,25,3/12/2024,11:38:12
5402,38883,English Breakfast (L),2,371,742,14,3/12/2024,11:38:12
5402,38883,Strawberry Ice Tea,2,366,732,14,3/12/2024,11:38:12
1437,81725,Latte (L),1,213,213,4,9/22/2024,19:21:08
1437,81725,Spicy Paneer Wrap,2,120,240,4,9/22/2024,19:21:08
8247,85492,Medium Sprite,2,214,428,8,7/5/2024,14:42:20
8247,85492,Regular Wedges,3,176,528,10,7/5/2024,14:42:20
8247,85492,Latte (R),2,343,686,13,7/5/2024,14:42:20
8247,85492,Hot Cake with maple syrup,3,103,309,6,7/5/2024,14:42:20
8247,85492,American Veg Burger,1,134,134,2,7/5/2024,14:42:20
9073,53168,Cheese Slice,2,422,844,16,7/5/2024,20:14:26
9073,53168,Regular Soft Serve: Brownie with Hot Fudge,1,261,261,5,7/5/2024,20:14:26
2211,34532,Mixed Berry Smoothie,2,287,574,11,12/24/2024,16:49:26
2211,34532,Regular McFlurry - Oreo,2,172,344,6,12/24/2024,16:49:26
2211,34532,McSwirl ChocoDip,3,239,717,14,12/24/2024,16:49:26
2211,34532,9 piece Chicken McNuggets,1,100,100,2,12/24/2024,16:49:26
2211,34532,Mc Egg Masala Burger,3,291,873,17,12/24/2024,16:49:26
6688,17174,Strawberry Ice Tea,2,366,732,14,12/23/2024,9:52:02
6688,17174,Large Fanta Oragne,1,235,235,4,12/23/2024,9:52:02
7438,97807,Double Cheese McMuffin,3,492,1476,29,12/23/2024,8:03:30
7438,97807,Strawberry Shake,1,232,232,4,12/23/2024,8:03:30
7438,97807,Hot Chocolate (R),2,128,256,5,12/23/2024,8:03:30
8794,34279,Regular Soft Serve: Hot Fudge,1,210,210,4,3/11/2024,8:40:07
8794,34279,Spicy Egg McMuffin,2,355,710,14,3/11/2024,8:40:07
8794,34279,Medium Fries,2,230,460,9,3/11/2024,8:40:07
8794,34279,Vedica Natural Mineral Water,3,181,543,10,3/11/2024,8:40:07
8794,34279,Cheesy Veg Nuggets (6pc),2,468,936,18,3/11/2024,8:40:07
5094,61538,Small Thums-up,2,417,834,16,9/26/2024,16:59:34
5094,61538,Sweet Lime Beverage,3,362,1086,21,9/26/2024,16:59:34
5094,61538,Chicken Maharaja Mac,2,248,496,9,9/26/2024,16:59:34
1681,83120,Flat White (R),1,116,116,2,12/23/2024,11:17:29
1681,83120,Mixed Berry Smoothie,1,287,287,5,12/23/2024,11:17:29
3032,94743,Babycino,3,381,1143,22,9/25/2024,15:38:55
3032,94743,Raw Mango Cooler,2,381,762,15,9/25/2024,15:38:55
3032,94743,Sweet Corn,1,322,322,6,9/25/2024,15:38:55
3032,94743,English Breakfast (L),1,371,371,7,9/25/2024,15:38:55
1660,57042,Hot Cake with maple syrup,3,103,309,6,7/5/2024,11:43:02
1660,57042,Babycino,3,381,1143,22,7/5/2024,11:43:02
1660,57042,Mix Berry Cooler,3,332,996,19,7/5/2024,11:43:02
3277,64593,Mocha Frappe,1,396,396,7,2/3/2024,20:59:18
3277,64593,Small Sprite,1,100,100,2,2/3/2024,20:59:18
3277,64593,6 piece Chicken McNuggets,1,475,475,9,2/3/2024,20:59:18
2645,90425,English Breakfast (R),1,252,252,5,3/13/2024,21:49:51
2645,90425,Latte (S),2,324,648,12,3/13/2024,21:49:51
2645,90425,Coke Float,1,213,213,4,3/13/2024,21:49:51
2645,90425,American Triple Cheese Chicken,1,366,366,7,3/13/2024,21:49:51
2645,90425,Mocha (R),1,323,323,6,3/13/2024,21:49:51
1292,32546,Strawberry Shake,1,232,232,4,9/22/2024,20:00:01
1292,32546,Chocolate Oreo Frappe,2,309,618,12,9/22/2024,20:00:01
1292,32546,Large Sprite,1,394,394,7,9/22/2024,20:00:01
4294,80432,3 piece Chicken Strips,3,187,561,11,3/9/2024,15:56:57
4294,80432,English Breakfast (R),2,252,504,10,3/9/2024,15:56:57
4294,80432,Large Coca-Cola,1,308,308,6,3/9/2024,15:56:57
5303,63896,Cheese Lava Burger,3,397,1191,23,8/28/2024,9:12:47
5303,63896,Medium Blackforest,3,264,792,15,8/28/2024,9:12:47
5303,63896,McSpicy?? Paneer Burger,2,175,350,7,8/28/2024,9:12:47
5303,63896,Chicken Maharaja Mac,2,248,496,9,8/28/2024,9:12:47
7182,75325,Vanilla Chocochips Muffin,3,475,1425,28,2/8/2024,16:13:49
7182,75325,McSpicy?? Paneer Burger,2,175,350,7,2/8/2024,16:13:49
7182,75325,English Breakfast (L),3,371,1113,22,2/8/2024,16:13:49
7182,75325,Small McFlurry - Oreo,1,439,439,8,2/8/2024,16:13:49
9086,27946,McSpicy Premium Veg Burger,2,330,660,13,8/29/2024,15:55:15
9086,27946,McSpicy Premium Chicken Burger,1,351,351,7,8/29/2024,15:55:15
6241,28380,Veg Maharaja Mac,3,245,735,14,7/5/2024,15:27:20
6241,28380,Large Fries,1,192,192,3,7/5/2024,15:27:20
6241,28380,Chunky Chipotle American Burger Chicken,1,242,242,4,7/5/2024,15:27:20
5425,38851,Medium Soft Serve: Hot Fudge,3,378,1134,22,2/2/2024,10:59:10
5425,38851,L1 Coffee with milk,2,355,710,14,2/2/2024,10:59:10
5425,38851,Iced Americano,2,206,412,8,2/2/2024,10:59:10
5425,38851,McSpicy Premium Chicken Burger,1,351,351,7,2/2/2024,10:59:10
8642,72917,Cold Coffee Frappe,2,406,812,16,5/17/2024,8:26:07
8642,72917,Moroccon Mint Green Tea (S),3,258,774,15,5/17/2024,8:26:07
8642,72917,2 piece Chicken Strips,3,464,1392,27,5/17/2024,8:26:07
6343,73511,Mc chicken Burger,3,442,1326,26,4/21/2024,16:51:19
6343,73511,Chicken Maharaja Mac,3,248,744,14,4/21/2024,16:51:19
6343,73511,Ghee Rice with Mc Spicy Fried Chicken 1 pc,2,381,762,15,4/21/2024,16:51:19
9077,68691,Large Sprite,3,394,1182,23,8/27/2024,11:22:48
9077,68691,Premium Dark Hot Chocolate,2,417,834,16,8/27/2024,11:22:48
9077,68691,English Breakfast (L),3,371,1113,22,8/27/2024,11:22:48
9077,68691,Spicy Chicken Wrap,2,268,536,10,8/27/2024,11:22:48
9077,68691,Medium Soft Serve: Brownie with Hot Fudge,3,492,1476,29,8/27/2024,11:22:48
6177,31528,Strawberry Green Tea (S),1,477,477,9,5/18/2024,20:01:42
6177,31528,Green Chilli Aloo Naan,3,245,735,14,5/18/2024,20:01:42
6177,31528,Ghee Rice with Mc Spicy Fried Chicken 1 pc,2,381,762,15,5/18/2024,20:01:42
6177,31528,American Triple Cheese Chicken,2,366,732,14,5/18/2024,20:01:42
3597,64866,Mixed Fruit Beverage,2,402,804,16,2/8/2024,18:29:53
3597,64866,Mocha (L),2,206,412,8,2/8/2024,18:29:53
3597,64866,Fanta Float,1,253,253,5,2/8/2024,18:29:53
3597,64866,Americano (R),2,384,768,15,2/8/2024,18:29:53
3597,64866,Sweet Corn,2,322,644,12,2/8/2024,18:29:53
2511,35912,Sprite Float,2,365,730,14,3/13/2024,21:53:45
2511,35912,Veg Maharaja Mac,2,245,490,9,3/13/2024,21:53:45
2511,35912,Regular Fries,2,372,744,14,3/13/2024,21:53:45
2511,35912,Large Fries,3,192,576,11,3/13/2024,21:53:45
2511,35912,Spicy Chicken Wrap,3,268,804,16,3/13/2024,21:53:45
5218,90474,Regular Wedges,3,176,528,10,4/14/2024,12:55:45
5218,90474,Mocha (S),1,102,102,2,4/14/2024,12:55:45
5218,90474,Flat White (S),3,360,1080,21,4/14/2024,12:55:45
3360,37007,4 piece Chicken McNuggets,3,105,315,6,2/2/2024,15:43:35
3360,37007,Green Apple Ice Tea,2,266,532,10,2/2/2024,15:43:35
3360,37007,Chocolate Oreo Frappe,3,309,927,18,2/2/2024,15:43:35
3360,37007,Piri piri Mc Spicy Chicken Burger,2,431,862,17,2/2/2024,15:43:35
1615,85770,Mc chicken Burger,3,442,1326,26,7/5/2024,13:29:08
1615,85770,Chicken Maharaja Mac,3,248,744,14,7/5/2024,13:29:08
1615,85770,English Breakfast (L),3,371,1113,22,7/5/2024,13:29:08
1615,85770,Cheesy Veg Nuggets (6pc),1,468,468,9,7/5/2024,13:29:08
1755,29751,Double Cheese McMuffin,2,492,984,19,8/31/2024,19:12:30
1755,29751,Medium Sprite,3,214,642,12,8/31/2024,19:12:30
9776,71018,Mc Egg Burger for Happy Meal,2,433,866,17,4/16/2024,12:39:24
9776,71018,Cold Coffee Frappe,3,406,1218,24,4/16/2024,12:39:24
9776,71018,Mango Smoothie,3,233,699,13,4/16/2024,12:39:24
9776,71018,Mocha (S),2,102,204,4,4/16/2024,12:39:24
9776,71018,McVeggie?? Burger,2,140,280,5,4/16/2024,12:39:24
9603,78922,Strawberry Green Tea (R),2,439,878,17,12/24/2024,15:03:30
9603,78922,Chocolate Shake,2,212,424,8,12/24/2024,15:03:30
9603,78922,Cheese Slice,2,422,844,16,12/24/2024,15:03:30
9603,78922,Small Sprite,3,100,300,6,12/24/2024,15:03:30
9603,78922,BBQ diping sauce,2,431,862,17,12/24/2024,15:03:30
9804,42958,McAloo Tikki Burger??,2,160,320,6,2/4/2024,21:09:04
9804,42958,Coke Float,2,213,426,8,2/4/2024,21:09:04
9804,42958,Mc Egg Burger for Happy Meal,3,433,1299,25,2/4/2024,21:09:04
6204,96211,Iced Americano,3,206,618,12,9/26/2024,15:19:31
6204,96211,Pizza Puff,2,345,690,13,9/26/2024,15:19:31
6204,96211,Medium Fries,3,230,690,13,9/26/2024,15:19:31
6204,96211,Sausage Mc Muffin,3,170,510,10,9/26/2024,15:19:31
1519,95187,Mc Egg Burger for Happy Meal,1,433,433,8,1/6/2024,10:31:12
1519,95187,Mustard diping sauce,3,446,1338,26,1/6/2024,10:31:12
1519,95187,Cheesy Veg Nuggets (9pc),1,417,417,8,1/6/2024,10:31:12
1519,95187,Hot Chocolate (L),2,351,702,14,1/6/2024,10:31:12
1519,95187,Regular McFlurry - Oreo,1,172,172,3,1/6/2024,10:31:12
2468,67914,Babycino,2,381,762,15,5/18/2024,20:03:01
2468,67914,Chicken Kebab Burger,1,287,287,5,5/18/2024,20:03:01
2468,67914,Mix Berry Cooler,3,332,996,19,5/18/2024,20:03:01
2468,67914,Double Cheese McMuffin,2,492,984,19,5/18/2024,20:03:01
2468,67914,Medium Thums-up,3,366,1098,21,5/18/2024,20:03:01
3511,93066,Iced Coffee,3,313,939,18,8/29/2024,21:32:37
3511,93066,Mc chicken Burger,1,442,442,8,8/29/2024,21:32:37
3511,93066,Moroccon Mint Green Tea (L),3,160,480,9,8/29/2024,21:32:37
3375,47382,Ghee Rice with Mc Spicy Fried Chicken 1 pc,2,381,762,15,9/25/2024,8:39:07
3375,47382,Green Chilli Aloo Naan,2,245,490,9,9/25/2024,8:39:07
3375,47382,Americano (S),1,377,377,7,9/25/2024,8:39:07
3375,47382,Chocolate Oreo Frappe,1,309,309,6,9/25/2024,8:39:07
3375,47382,Medium Fanta Orange,1,213,213,4,9/25/2024,8:39:07
3957,83730,Medium Soft Serve: Strawberry,2,262,524,10,9/25/2024,21:05:31
3957,83730,Strawberry Green Tea (L),1,339,339,6,9/25/2024,21:05:31
3957,83730,Spicy Paneer Wrap,3,120,360,7,9/25/2024,21:05:31
3957,83730,Mc Egg Burger for Happy Meal,2,433,866,17,9/25/2024,21:05:31
3957,83730,5 piece Chicken Strips,2,113,226,4,9/25/2024,21:05:31
3209,54896,McSpicy?? Paneer Burger,1,175,175,3,3/12/2024,17:12:04
3209,54896,Coke Zero Can,3,402,1206,24,3/12/2024,17:12:04
3209,54896,Medium Soft Serve: Brownie with Hot Fudge,3,492,1476,29,3/12/2024,17:12:04
9006,70627,Moroccon Mint Green Tea (S),3,258,774,15,2/3/2024,18:32:10
9006,70627,Hot Chocolate (S),1,201,201,4,2/3/2024,18:32:10
9651,26555,Fanta Float,3,253,759,15,2/1/2024,18:07:24
9651,26555,Mixed Berry Smoothie,3,287,861,17,2/1/2024,18:07:24
9651,26555,Babycino,1,381,381,7,2/1/2024,18:07:24
9651,26555,Double Chocochips Muffin,1,120,120,2,2/1/2024,18:07:24
7624,65589,Sweet Lime Beverage,1,362,362,7,8/30/2024,12:19:23
7624,65589,Regular Soft Serve: Hot Fudge,2,210,420,8,8/30/2024,12:19:23
9640,21945,Coke Zero Can,2,402,804,16,11/19/2024,11:22:37
9640,21945,Cheesy Veg Nuggets (6pc),3,468,1404,28,11/19/2024,11:22:37
9640,21945,Hot Chocolate (S),3,201,603,12,11/19/2024,11:22:37
9640,21945,Strawberry Green Tea (L),3,339,1017,20,11/19/2024,11:22:37
9640,21945,Sausage Mc Muffin with egg,2,427,854,17,11/19/2024,11:22:37
8929,71252,Mustard diping sauce,3,446,1338,26,2/2/2024,19:04:36
8929,71252,Mango Smoothie,3,233,699,13,2/2/2024,19:04:36
8929,71252,English Breakfast (S),1,332,332,6,2/2/2024,19:04:36
8929,71252,Moroccon Mint Green Tea (R),3,346,1038,20,2/2/2024,19:04:36
1748,82334,Green Chilli Aloo Naan,3,245,735,14,2/2/2024,17:15:11
1748,82334,Medium Thums-up,2,366,732,14,2/2/2024,17:15:11
1748,82334,Chocolate Oreo Frappe,2,309,618,12,2/2/2024,17:15:11
8766,37528,Flat White (R),2,116,232,4,9/26/2024,18:33:36
8766,37528,BBQ diping sauce,2,431,862,17,9/26/2024,18:33:36
8766,37528,American Veg Burger,1,134,134,2,9/26/2024,18:33:36
9611,66200,Sprite Float,1,365,365,7,5/17/2024,15:49:06
9611,66200,Moroccon Mint Green Tea (L),1,160,160,3,5/17/2024,15:49:06
9611,66200,Green Chilli Kebab naan,2,226,452,9,5/17/2024,15:49:06
7370,62269,McSwirl ChocoDip,2,239,478,9,4/16/2024,19:50:30
7370,62269,Sausage Mc Muffin,3,170,510,10,4/16/2024,19:50:30
1790,60375,Sweet Corn,2,322,644,12,5/17/2024,9:18:49
1790,60375,Moroccon Mint Green Tea (L),2,160,320,6,5/17/2024,9:18:49
1790,60375,Latte (S),3,324,972,19,5/17/2024,9:18:49
6366,88279,Large Sprite,3,394,1182,23,5/18/2024,13:02:29
6366,88279,5 piece Chicken Strips,1,113,113,2,5/18/2024,13:02:29
6366,88279,Mc Egg Masala Burger,3,291,873,17,5/18/2024,13:02:29
6366,88279,Chicken Maharaja Mac,1,248,248,4,5/18/2024,13:02:29
9744,17363,Small Coca-Cola,1,372,372,7,1/6/2024,13:42:55
9744,17363,Mustard diping sauce,3,446,1338,26,1/6/2024,13:42:55
3869,86073,McSpicy Premium Chicken Burger,3,351,1053,21,1/6/2024,17:13:40
3869,86073,Green Chilli Kebab naan,3,226,678,13,1/6/2024,17:13:40
3869,86073,Mixed Fruit Beverage,1,402,402,8,1/6/2024,17:13:40
3869,86073,Small Sprite,1,100,100,2,1/6/2024,17:13:40
9980,93435,McAloo Tikki Burger??,3,160,480,9,3/9/2024,8:08:54
9980,93435,Regular Blackforest,3,253,759,15,3/9/2024,8:08:54
9980,93435,L1 Coffee with milk,2,355,710,14,3/9/2024,8:08:54
9980,93435,Mc chicken Burger,2,442,884,17,3/9/2024,8:08:54
9980,93435,Piri Piri Mix,1,361,361,7,3/9/2024,8:08:54
7370,15407,English Breakfast (L),2,371,742,14,2/8/2024,16:36:31
7370,15407,Raw Mango Cooler,2,381,762,15,2/8/2024,16:36:31
7370,15407,Chilli Sauce,2,186,372,7,2/8/2024,16:36:31
7370,15407,Mixed Berry Smoothie,3,287,861,17,2/8/2024,16:36:31
7370,15407,McVeggie?? Burger,3,140,420,8,2/8/2024,16:36:31
2680,35565,Regular Soft Serve: Brownie with Hot Fudge,1,261,261,5,2/2/2024,15:51:01
2680,35565,Medium Fanta Orange,1,213,213,4,2/2/2024,15:51:01
2680,35565,Green Apple Ice Tea,2,266,532,10,2/2/2024,15:51:01
7014,69662,Double Dark Hot Chocolate,2,149,298,5,11/19/2024,11:24:28
7014,69662,Vanilla Chocochips Muffin,3,475,1425,28,11/19/2024,11:24:28
7014,69662,Strawberry Ice Tea,3,366,1098,21,11/19/2024,11:24:28
7014,69662,Medium Wedges,3,291,873,17,11/19/2024,11:24:28
7014,69662,Double Chocochips Muffin,3,120,360,7,11/19/2024,11:24:28
3660,86406,Latte (S),1,324,324,6,11/19/2024,13:48:06
3660,86406,Cappuccino (L),2,479,958,19,11/19/2024,13:48:06
3660,86406,Strawberry Green Tea (S),3,477,1431,28,11/19/2024,13:48:06
3660,86406,Spicy Paneer Wrap,2,120,240,4,11/19/2024,13:48:06
3660,86406,Mc chicken Burger,1,442,442,8,11/19/2024,13:48:06
7097,62578,Medium Wedges,2,291,582,11,3/10/2024,18:04:22
7097,62578,Mix Berry Cooler,1,332,332,6,3/10/2024,18:04:22
7097,62578,Cheese Lava Burger,2,397,794,15,3/10/2024,18:04:22
5654,43360,Regular Soft Serve: Hot Fudge,2,210,420,8,4/21/2024,16:59:10
5654,43360,Small Thums-up,3,417,1251,25,4/21/2024,16:59:10
8054,99903,Medium Soft Serve: Hot Fudge,1,378,378,7,5/15/2024,12:17:38
8054,99903,Regular Blackforest,3,253,759,15,5/15/2024,12:17:38
8054,99903,Hot Chocolate (R),1,128,128,2,5/15/2024,12:17:38
8054,99903,Large Sprite,3,394,1182,23,5/15/2024,12:17:38
5768,60328,Americano (L),3,335,1005,20,12/23/2024,19:55:01
5768,60328,Piri piri Mc Spicy Veg Burger,3,196,588,11,12/23/2024,19:55:01
5768,60328,American Veg Burger,3,134,402,8,12/23/2024,19:55:01
5768,60328,Medium Blackforest,2,264,528,10,12/23/2024,19:55:01
2468,99093,Large Coca-Cola,1,308,308,6,2/3/2024,9:15:47
2468,99093,Tomato Ketchup Sachets,3,383,1149,22,2/3/2024,9:15:47
2468,99093,Pizza Puff,1,345,345,6,2/3/2024,9:15:47
2468,99093,Regular Wedges,2,176,352,7,2/3/2024,9:15:47
6192,51181,L1 Coffee with milk,2,355,710,14,1/6/2024,14:35:21
6192,51181,Iced Americano,1,206,206,4,1/6/2024,14:35:21
6192,51181,Moroccon Mint Green Tea (S),3,258,774,15,1/6/2024,14:35:21
6192,51181,Green Chilli Kebab naan,3,226,678,13,1/6/2024,14:35:21
7557,65325,Strawberry Shake,3,232,696,13,7/5/2024,12:44:47
7557,65325,McSpicy?? Paneer Burger,3,175,525,10,7/5/2024,12:44:47
7557,65325,Strawberry Green Tea (R),1,439,439,8,7/5/2024,12:44:47
7557,65325,Cheesy Veg Nuggets (6pc),2,468,936,18,7/5/2024,12:44:47
7557,65325,Espresso Machiato,1,334,334,6,7/5/2024,12:44:47
5960,48940,Maple Syrup,2,121,242,4,12/24/2024,18:40:05
5960,48940,Iced Coffee,2,313,626,12,12/24/2024,18:40:05
1932,43752,Strawberry Green Tea (S),2,477,954,19,8/30/2024,15:47:30
1932,43752,Large Fanta Oragne,2,235,470,9,8/30/2024,15:47:30
1932,43752,Maple Syrup,3,121,363,7,8/30/2024,15:47:30
1932,43752,Regular Wedges,1,176,176,3,8/30/2024,15:47:30
3711,34153,Chocolate Shake,2,212,424,8,8/30/2024,19:40:09
3711,34153,American Triple Cheese Veg,2,207,414,8,8/30/2024,19:40:09
3711,34153,4 piece Chicken McNuggets,1,105,105,2,8/30/2024,19:40:09
3711,34153,McSwirl ChocoDip,1,239,239,4,8/30/2024,19:40:09
3711,34153,Cappuccino (R),3,383,1149,22,8/30/2024,19:40:09
7706,41817,McSpicy Premium Veg Burger,2,330,660,13,9/22/2024,10:54:39
7706,41817,Fanta Float,3,253,759,15,9/22/2024,10:54:39
7706,41817,Chocolate Oreo Frappe,2,309,618,12,9/22/2024,10:54:39
7706,41817,Moroccon Mint Green Tea (L),2,160,320,6,9/22/2024,10:54:39
4570,48287,Strawberry Shake,3,232,696,13,7/5/2024,19:10:51
4570,48287,Sausage Mc Muffin,3,170,510,10,7/5/2024,19:10:51
4570,48287,Veg Maharaja Mac,1,245,245,4,7/5/2024,19:10:51
7100,23881,Regular Soft Serve: Brownie with Hot Fudge,3,261,783,15,2/3/2024,10:34:45
7100,23881,Americano (R),2,384,768,15,2/3/2024,10:34:45
7100,23881,Espresso Machiato,1,334,334,6,2/3/2024,10:34:45
4197,19391,English Breakfast (L),1,371,371,7,2/8/2024,12:00:04
4197,19391,Green Chilli Kebab naan,2,226,452,9,2/8/2024,12:00:04
1653,15875,Small Sprite,1,100,100,2,8/30/2024,13:43:34
1653,15875,Hot Cake with maple syrup,1,103,103,2,8/30/2024,13:43:34
1653,15875,Regular Soft Serve: Brownie with Hot Fudge,2,261,522,10,8/30/2024,13:43:34
7312,91831,Mocha (L),2,206,412,8,12/24/2024,16:53:46
7312,91831,L1 Coffee,1,298,298,5,12/24/2024,16:53:46
7312,91831,BBQ diping sauce,2,431,862,17,12/24/2024,16:53:46
7312,91831,Mustard diping sauce,3,446,1338,26,12/24/2024,16:53:46
8421,95204,Mc Egg Masala Burger,3,291,873,17,2/8/2024,20:13:11
8421,95204,Sweet Lime Beverage,3,362,1086,21,2/8/2024,20:13:11
8421,95204,Mocha (S),3,102,306,6,2/8/2024,20:13:11
8421,95204,Tomato Ketchup Sachets,2,383,766,15,2/8/2024,20:13:11
6119,60116,Mc chicken Burger,3,442,1326,26,8/29/2024,17:16:35
6119,60116,Medium Soft Serve: Brownie with Hot Fudge,2,492,984,19,8/29/2024,17:16:35
6119,60116,Large Thums-up,3,314,942,18,8/29/2024,17:16:35
4747,20550,Medium Sprite,1,214,214,4,1/6/2024,18:00:00
4747,20550,Espresso,1,232,232,4,1/6/2024,18:00:00
4747,20550,Cold Coffee Frappe,3,406,1218,24,1/6/2024,18:00:00
4747,20550,Small Fanta Oragne,1,369,369,7,1/6/2024,18:00:00
4747,20550,Medium Wedges,1,291,291,5,1/6/2024,18:00:00
1835,23725,McSpicy Fried Chicken 1 pc,2,422,844,16,4/16/2024,9:04:25
1835,23725,Medium Thums-up,2,366,732,14,4/16/2024,9:04:25
1835,23725,FILLET-O-FISH Burger,2,662,1324,26,4/16/2024,9:04:25
1835,23725,McSpicy?? Paneer Burger,1,175,175,3,4/16/2024,9:04:25
7575,21536,Medium Soft Serve: Strawberry,2,262,524,10,11/19/2024,15:13:37
7575,21536,McSpicy?? Paneer Burger,1,175,175,3,11/19/2024,15:13:37
7575,21536,Cheese Slice,3,422,1266,25,11/19/2024,15:13:37
7575,21536,Hot Chocolate (S),2,201,402,8,11/19/2024,15:13:37
2433,49345,Medium Soft Serve: Strawberry,2,262,524,10,7/5/2024,12:35:50
2433,49345,Medium Coca-Cola,2,257,514,10,7/5/2024,12:35:50
2433,49345,Green Chilli Kebab naan,2,226,452,9,7/5/2024,12:35:50
2433,49345,McAloo Tikki Burger??,3,160,480,9,7/5/2024,12:35:50
6765,88717,English Breakfast (S),3,332,996,19,8/27/2024,16:32:16
6765,88717,Small McFlurry - Oreo,3,439,1317,26,8/27/2024,16:32:16
9603,78528,McVeggie?? Burger,3,140,420,8,4/21/2024,19:53:11
9603,78528,Double Cheese McMuffin,2,492,984,19,4/21/2024,19:53:11
9909,19118,Chocolate Oreo Frappe,3,309,927,18,5/18/2024,11:37:05
9909,19118,Moroccon Mint Green Tea (R),3,346,1038,20,5/18/2024,11:37:05
5622,95687,Cappuccino (R),3,383,1149,22,1/6/2024,10:21:00
5622,95687,9 piece Chicken McNuggets,2,100,200,4,1/6/2024,10:21:00
5622,95687,Chicken Kebab Burger,3,287,861,17,1/6/2024,10:21:00
5622,95687,Mix Berry Cooler,1,332,332,6,1/6/2024,10:21:00
5622,95687,Green Chilli Kebab naan,3,226,678,13,1/6/2024,10:21:00
5622,48926,BBQ diping sauce,1,431,431,8,8/27/2024,18:08:07
5622,48926,Strawberry Green Tea (S),3,477,1431,28,8/27/2024,18:08:07
5622,48926,Strawberry Green Tea (L),2,339,678,13,8/27/2024,18:08:07
5622,38233,Americano (S),3,377,1131,22,11/19/2024,17:43:23
5622,38233,Strawberry Green Tea (R),1,439,439,8,11/19/2024,17:43:23
5622,38233,American Mud Pie Shake,1,488,488,9,11/19/2024,17:43:23
5622,38233,BBQ diping sauce,3,431,1293,25,11/19/2024,17:43:23
5622,46516,Ghee Rice with Mc Spicy Fried Chicken 1 pc,1,381,381,7,2/2/2024,17:01:39
5622,46516,Chicken Kebab Burger,2,287,574,11,2/2/2024,17:01:39
5622,46516,Medium Wedges,1,291,291,5,2/2/2024,17:01:39
5622,59192,6 piece Chicken McNuggets,3,475,1425,28,8/27/2024,19:56:56
5622,59192,Pizza Puff,3,345,1035,20,8/27/2024,19:56:56
5622,59192,Large Wedges,3,160,480,9,8/27/2024,19:56:56
5622,59192,Green Apple Ice Tea,1,266,266,5,8/27/2024,19:56:56
5622,96954,Pizza Puff,3,345,1035,20,4/16/2024,20:06:08
5622,96954,Latte (R),1,343,343,6,4/16/2024,20:06:08
5622,17381,Chocolate Oreo Frappe,2,309,618,12,8/27/2024,13:42:21
5622,17381,Sausage Mc Muffin,2,170,340,6,8/27/2024,13:42:21
5622,17381,Cappuccino (R),2,383,766,15,8/27/2024,13:42:21
5622,37740,Maple Syrup,2,121,242,4,3/9/2024,9:28:08
5622,37740,Hot Cake with maple syrup,3,103,309,6,3/9/2024,9:28:08
5622,37740,Premium Dark Hot Chocolate,3,417,1251,25,3/9/2024,9:28:08
5622,37740,Double Cheese McMuffin,2,492,984,19,3/9/2024,9:28:08
5622,37740,Americano (R),1,384,384,7,3/9/2024,9:28:08
5622,81513,Hot Chocolate (L),2,351,702,14,3/12/2024,16:39:00
5622,81513,Cappuccino (S),1,480,480,9,3/12/2024,16:39:00
5622,81513,Large Coca-Cola,1,308,308,6,3/12/2024,16:39:00
5622,28550,Regular Wedges,3,176,528,10,5/18/2024,20:12:48
5622,28550,Medium Thums-up,2,366,732,14,5/18/2024,20:12:48
5622,28550,Piri Piri Mix,2,361,722,14,5/18/2024,20:12:48
5622,28550,Mixed Fruit Beverage,1,402,402,8,5/18/2024,20:12:48
